{"cameraMode":{"drawMode":0,"name":"Shaded","section":"Shading Mode"},"sceneLighting":false,"audioPlay":false,"sceneViewState":{"showFog":true,"showMaterialUpdate":true,"showSkybox":true,"showFlares":true,"showImageEffects":true,"showParticleSystems":true},"in2DMode":false,"pivot":{"x":-5.383866310119629,"y":-0.6438980102539063,"z":2.6825485229492189},"rotation":{"x":0.040083009749650958,"y":-0.9598952531814575,"z":0.19948014616966248,"w":0.1928785890340805},"size":41.69709014892578,"orthographic":false}