{"cameraMode":{"drawMode":0,"name":"Shaded","section":"Shading Mode"},"sceneLighting":true,"audioPlay":false,"sceneViewState":{"showFog":true,"showMaterialUpdate":true,"showSkybox":true,"showFlares":true,"showImageEffects":true,"showParticleSystems":true},"in2DMode":false,"pivot":{"x":290.50115966796877,"y":-182.84555053710938,"z":-132.38824462890626},"rotation":{"x":0.11644134670495987,"y":-0.8390728235244751,"z":0.19814401865005494,"w":0.4930894672870636},"size":670.9053955078125,"orthographic":false}