{"cameraMode":{"drawMode":0,"name":"Shaded","section":"Shading Mode"},"sceneLighting":false,"audioPlay":false,"sceneViewState":{"showFog":true,"showMaterialUpdate":true,"showSkybox":true,"showFlares":true,"showImageEffects":true,"showParticleSystems":true},"in2DMode":false,"pivot":{"x":-26.707332611083986,"y":7.797496795654297,"z":-11.86099624633789},"rotation":{"x":0.25561368465423586,"y":-0.11567650735378266,"z":0.030821682885289193,"w":0.9593387246131897},"size":59.70503234863281,"orthographic":false}