{"cameraMode":{"drawMode":0,"name":"Shaded","section":"Shading Mode"},"sceneLighting":false,"audioPlay":false,"sceneViewState":{"showFog":true,"showMaterialUpdate":true,"showSkybox":true,"showFlares":true,"showImageEffects":true,"showParticleSystems":true},"in2DMode":false,"pivot":{"x":0.0,"y":8.720157623291016,"z":1.2400016784667969},"rotation":{"x":0.040083009749650958,"y":-0.9598952531814575,"z":0.19948014616966248,"w":0.1928785890340805},"size":47.31996154785156,"orthographic":false}