{"cameraMode":{"drawMode":0,"name":"Shaded","section":"Shading Mode"},"sceneLighting":false,"audioPlay":false,"sceneViewState":{"showFog":true,"showMaterialUpdate":true,"showSkybox":true,"showFlares":true,"showImageEffects":true,"showParticleSystems":true},"in2DMode":false,"pivot":{"x":7.1513824462890629,"y":4.081099510192871,"z":-7.151384353637695},"rotation":{"x":0.25561368465423586,"y":-0.11567650735378266,"z":0.030821682885289193,"w":0.9593387246131897},"size":140.52171325683595,"orthographic":false}